{"loss":{"0":2.5708739758,"1":0.607314527,"2":0.3275567591,"3":0.15142259,"4":0.1538657993,"5":0.0719314218,"6":0.0742337704,"7":0.0662181973,"8":0.1325661987,"9":0.109120138,"10":0.0511970073,"11":0.0232288148,"12":0.0273477603,"13":0.0610497966,"14":0.062543653},"acc":{"0":0.3350000083,"1":0.8249999881,"2":0.8949999809,"3":0.9424999952,"4":0.9549999833,"5":0.9800000191,"6":0.9725000262,"7":0.9750000238,"8":0.9599999785,"9":0.9750000238,"10":0.9900000095,"11":0.9925000072,"12":0.9900000095,"13":0.9900000095,"14":0.9875000119},"val_loss":{"0":0.6909646988,"1":0.1005352288,"2":0.0303870887,"3":0.0235952307,"4":0.0048781978,"5":0.0281827543,"6":0.012097585,"7":0.000703751,"8":0.0305651482,"9":0.0015582194,"10":0.0009231215,"11":0.0001130115,"12":0.001204971,"13":0.0001909794,"14":0.0166386236},"val_acc":{"0":0.7937499881,"1":0.9624999762,"2":1.0,"3":0.9937499762,"4":1.0,"5":0.9937499762,"6":0.9937499762,"7":1.0,"8":0.9937499762,"9":1.0,"10":1.0,"11":1.0,"12":1.0,"13":1.0,"14":0.9937499762},"lr":{"0":0.001,"1":0.001,"2":0.001,"3":0.001,"4":0.001,"5":0.001,"6":0.001,"7":0.001,"8":0.001,"9":0.001,"10":0.001,"11":0.001,"12":0.001,"13":0.001,"14":0.001}}